,player,team,games,goals,assists,points,pl_min,shoots,per_shoots,penalty_time,avr_time_on_ice,position
0,Аалтонен Миро,ВИТ,61,19,23,42,9,165,11.5,20,17:39,F
1,Аверин Егор,ЛОК,57,13,14,27,15,102,12.7,10,16:18,F
2,Авцин Александр,НХК,20,1,2,3,1,24,4.2,8,11:18,F
3,Азеведо Джастин,АКБ,62,13,24,37,26,195,6.7,42,16:49,F
4,Акмальдинов Александр,СОЧ,30,1,6,7,-3,24,4.2,11,08:30,F
5,Акользин Павел,БАР,59,7,8,15,-4,96,7.3,33,12:13,F
6,Алексеев Андрей,ДИН,29,7,6,13,0,51,13.7,14,13:54,F
7,Алексеев Денис,ЛОК,59,10,19,29,6,84,11.9,16,14:45,F
8,Алтыбармакян Андрей,СОЧ,38,2,4,6,-4,26,7.7,14,09:35,F
9,Андронов Сергей,ЦСК,48,8,3,11,14,88,9.1,16,14:49,F
10,Аноховский Никита,ЛОК,2,0,0,0,0,0,0.0,0,04:45,F
11,Антипов Артём,ЦСК,2,0,0,0,0,3,0.0,0,08:22,F
12,Анттила Марко,ЙОК,38,11,4,15,9,86,12.8,21,13:30,F
13,Апальков Даниил,ЛОК,58,8,16,24,-5,102,7.8,35,13:18,F
14,Аркалов Илья,НХК,42,2,2,4,-10,36,5.6,16,06:47,F
15,Артёмов Артём,ДМН,10,0,0,0,-1,11,0.0,29,06:59,F
16,Архипов Дмитрий,СОЧ,45,6,10,16,5,77,7.8,20,15:41,F
17,Асетов Алихан,БАР,46,5,2,7,3,41,12.2,8,09:17,F
18,Афиногенов Максим,ДИН,10,4,1,5,-2,18,22.2,10,15:28,F
19,Бабенко Егор,СЕВ,18,2,3,5,0,19,10.5,6,11:37,F
20,Бакош Мартин,СОЧ,22,7,8,15,4,52,13.5,2,16:20,F
21,Барабанов Александр,СКА,58,17,28,45,33,142,12.0,12,15:26,F
22,Баранов Егор,СЛВ,30,1,1,2,-6,20,5.0,29,06:26,F
23,Барбашев Сергей,СИБ,8,0,1,1,-4,8,0.0,6,12:05,F
24,Батня Оскарс,ДРГ,37,2,3,5,-8,27,7.4,14,10:13,F
25,Бек Тэйлор,АВГ,56,19,17,36,8,145,13.1,28,18:36,F
26,Белоусов Георгий,АВТ,38,4,6,10,3,60,6.7,12,12:42,F
27,Беляев Кирилл,СОЧ,7,1,0,1,0,3,33.3,2,06:33,F
28,Беляев Михаил,ЛОК,12,1,1,2,-2,14,7.1,2,07:06,F
29,Беннетт Бо,ДМН,5,0,1,1,-5,10,0.0,2,17:31,F
30,Бергстрем Александр,ТРК,41,4,11,15,-8,57,7.0,14,15:01,F
31,Берестенников Илья,АМР,11,0,3,3,0,17,0.0,15,11:13,F
32,Берзиньш Даниэль,ДРГ,38,0,0,0,-8,11,0.0,8,05:16,F
33,Бертранд Шарль,СИБ,23,2,1,3,-1,68,2.9,8,15:22,F
34,Бикмуллин Рафаэль,НХК,32,4,1,5,-3,49,8.2,91,12:07,F
35,Бобылёв Владимир,СЮЛ,3,0,0,0,0,3,0.0,0,09:55,F
36,Бовбель Виктор,ДМН,3,0,0,0,-1,1,0.0,0,01:10,F
37,Бодров Евгений,СЕВ,40,2,5,7,-10,26,7.7,33,12:19,F
38,Бойд Дастин,БАР,56,6,8,14,-6,101,5.9,30,17:21,F
39,Бойко Владислав,АДМ,1,0,0,0,-2,1,0.0,0,11:12,F
40,Бойчак Зак,СЕВ,25,2,2,4,-9,44,4.5,8,15:54,F
41,Болтанов Артур,АМР,2,0,0,0,-2,1,0.0,0,10:02,F
42,Бочаров Станислав,СОЧ,56,13,16,29,0,147,8.8,24,17:05,F
43,Боченски Брэндон,БАР,44,15,19,34,4,115,13.0,10,18:03,F
44,Брюквин Владимир,ДИН,61,10,5,15,-10,102,9.8,16,13:22,F
45,Брюле Жильбер,СИБ,30,7,15,22,-4,72,9.7,14,17:15,F
46,Буйницкий Дмитрий,ДМН,36,10,3,13,0,42,23.8,39,12:37,F
47,Булирж Михал,ММГ,40,7,8,15,3,64,10.9,8,14:48,F
48,Бумагин Александр,СЕВ,20,1,2,3,-3,23,4.3,4,13:10,F
49,Бурдасов Антон,СЮЛ,50,19,11,30,-15,157,12.1,114,15:40,F
50,Бурмистров Александр,СЮЛ,55,5,9,14,3,91,5.5,28,16:32,F
51,Бусаров Георгий,СЮЛ,11,1,0,1,-2,2,50.0,2,09:06,F
52,Бут Дэвид,ДМН,18,2,1,3,0,41,4.9,20,15:23,F
53,Бутузов Владимир,АДМ,60,12,14,26,-16,130,9.2,20,16:34,F
54,Буц Давид,СЛВ,32,1,3,4,-6,17,5.9,6,12:18,F
55,Бывальцев Алексей,СКА,47,5,6,11,16,71,7.0,20,12:28,F
56,Бэйли Кейси,СЛВ,45,1,4,5,-28,96,1.0,26,15:43,F
57,Валк Кертис,БАР,50,9,19,28,3,117,7.7,32,19:17,F
58,Валуйский Семён,АДМ,10,0,0,0,-3,10,0.0,4,10:08,F
59,Варнаков Михаил,ТОР,51,13,11,24,-17,108,12.0,55,16:20,F
60,Варфоломеев Павел,ММГ,39,3,12,15,6,45,6.7,4,12:37,F
61,Вей Линден,ЦСК,56,12,30,42,35,100,12.0,22,16:43,F
62,Величкин Игорь,АМР,19,0,2,2,-7,9,0.0,4,08:06,F
63,Верба Марк,ВИТ,1,0,0,0,0,0,0.0,0,00:23,F
64,Верстиг Крис,АВГ,11,3,2,5,-1,34,8.8,0,16:32,F
65,Веряев Данил,ТОР,61,6,13,19,12,61,9.8,32,12:37,F
66,Весалайнен Кристиан,ЙОК,31,6,11,17,3,41,14.6,0,14:37,F
67,Виделль Линус,ДРГ,49,24,24,48,7,151,15.9,14,18:24,F
68,Вирта Патрик,СЛВ,21,2,7,9,-9,30,6.7,6,13:16,F
69,Вихарев Денис,АДМ,48,10,16,26,-1,65,15.4,22,17:17,F
70,Вовченко Даниил,СЕВ,44,4,14,18,4,101,4.0,24,16:24,F
71,Воеводин Данил,АКБ,2,0,0,0,0,1,0.0,0,03:18,F
72,Волков Артём,ДМН,60,2,2,4,-13,29,6.9,44,11:35,F
73,Вольский Войтек,КУН,44,11,17,28,2,121,9.1,10,17:33,F
74,Воронин Артём,СПР,34,3,3,6,0,23,13.0,8,10:16,F
75,Воронин Кирилл,АДМ,61,7,13,20,6,119,5.9,20,14:27,F
76,Воронков Дмитрий,АКБ,3,0,0,0,0,2,0.0,0,04:02,F
77,Выглазов Никита,ВИТ,52,1,2,3,-21,72,1.4,24,12:36,F
78,Вярн Макс,ЙОК,25,4,0,4,-1,25,16.0,20,11:39,F
79,Гаврус Артур,ДМН,13,0,1,1,-8,18,0.0,2,11:48,F
80,Галиев Станислав,АКБ,59,10,12,22,4,112,8.9,38,14:04,F
81,Галимов Ансель,АВГ,45,5,6,11,5,52,9.6,23,09:36,F
82,Галимов Артём,АКБ,1,0,0,0,0,0,0.0,0,00:58,F
83,Галимов Эмиль,НХК,50,8,6,14,-9,139,5.8,30,16:38,F
84,Галузин Владимир,ТОР,52,12,13,25,-6,80,15.0,48,17:36,F
85,Гареев Артём,АВТ,28,5,6,11,5,34,14.7,8,14:42,F
86,Гегерис Эмилс,ДРГ,57,2,4,6,-15,45,4.4,12,11:54,F
87,Гераськин Игорь,СЕВ,61,6,11,17,4,103,5.8,14,15:07,F
88,Гиздатуллин Артур,АМР,15,0,0,0,-2,9,0.0,2,09:26,F
89,Гиллис Колтон,ДРГ,35,1,4,5,-3,18,5.6,17,10:27,F
90,Гиматов Эдуард,СЮЛ,6,0,0,0,0,1,0.0,30,10:07,F
91,Глазачев Константин,АДМ,54,16,12,28,3,118,13.6,8,15:19,F
92,Глинкин Антон,ТРК,49,6,13,19,-7,82,7.3,6,15:16,F
93,Глухов Михаил,АКБ,53,1,7,8,-9,52,1.9,28,14:05,F
94,Говорка Марек,АДМ,21,0,3,3,-12,24,0.0,2,12:50,F
95,Голубев Денис,АМР,19,3,3,6,3,37,8.1,13,14:54,F
96,Голышев Анатолий,АВТ,54,19,19,38,2,134,14.2,14,18:33,F
97,Гончаров Никита,ВИТ,13,0,0,0,-2,6,0.0,0,03:28,F
98,Горшков Александр,АМР,56,10,12,22,-7,134,7.5,14,16:38,F
99,Грачёв Герман,СЕВ,7,2,0,2,-1,12,16.7,0,09:50,F
100,Грачёв Евгений,АВТ,44,5,6,11,11,44,11.4,18,13:54,F
101,Гренц Дмитрий,БАР,25,1,2,3,-2,19,5.3,4,09:55,F
102,Григоренко Евгений,СЕВ,12,1,2,3,-3,15,6.7,8,14:41,F
103,Григоренко Михаил,ЦСК,55,17,35,52,33,175,9.7,10,17:48,F
104,Грнка Томаш,СЛВ,40,1,1,2,-10,35,2.9,16,10:59,F
105,Губарев Данил,ТРК,39,1,1,2,-13,22,4.5,15,09:11,F
106,Гурков Дмитрий,БАР,19,0,0,0,-2,9,0.0,2,07:05,F
107,Гусев Никита,СКА,62,17,64,81,39,194,8.8,10,15:52,F
108,Гюнге Рихард,ТРК,11,2,3,5,-5,30,6.7,6,17:13,F
109,Да Коста Стефан,АВТ,58,22,23,45,10,167,13.2,51,17:25,F
110,Дарзиньш Лаурис,ДРГ,62,18,26,44,2,147,12.2,32,18:29,F
111,Даугавиньш Каспарс,СПР,58,13,23,36,3,124,10.5,61,18:13,F
112,Дацюк Павел,СКА,54,12,30,42,22,99,12.1,6,17:25,F
113,Двуреченский Никита,ВИТ,5,0,0,0,-1,8,0.0,2,09:47,F
114,Деарне Давид,АВГ,58,7,21,28,-4,80,8.8,84,18:25,F
115,Дедунов Павел,АМР,54,13,8,21,-5,86,15.1,15,13:39,F
116,Денежкин Максим,ЛОК,1,0,0,0,-1,0,0.0,0,01:17,F
117,Денисенко Григорий,ЛОК,25,4,2,6,1,31,12.9,58,11:17,F
118,Дергачёв Александр,СКА,31,5,2,7,6,41,12.2,28,13:05,F
119,Джериньш Андрис,ДРГ,62,10,12,22,-10,88,11.4,40,14:25,F
120,Джо Брэйден,КУН,28,1,1,2,-7,15,6.7,8,09:31,F
121,Дзиеркалс Мартиньш,ДРГ,42,5,8,13,-8,51,9.8,22,12:28,F
122,Дорофеев Павел,ММГ,23,1,1,2,0,16,6.3,4,07:40,F
123,Доус Найджел,АВТ,60,28,41,69,18,193,14.5,12,18:09,F
124,Дроздов Иван,ДМН,47,1,7,8,-5,25,4.0,33,07:50,F
125,Дубровский Егор,СЮЛ,13,2,0,2,3,12,16.7,4,10:20,F
126,Дугин Егор,ТРК,57,2,6,8,-2,79,2.5,20,13:56,F
127,Дюкарев Владислав,ММГ,1,0,0,0,0,0,0.0,0,09:51,F
128,Евдокимов Ярослав,БАР,6,0,0,0,0,1,0.0,2,05:19,F
129,Еглич Жига,СЛВ,32,1,2,3,-17,22,4.5,2,13:58,F
130,Енсен Никлас,ЙОК,48,21,18,39,11,167,12.6,32,15:48,F
131,Ерофеев Андрей,ТРК,22,2,0,2,3,19,10.5,14,10:10,F
132,Есаян Михаил,ТОР,1,0,0,0,0,0,0.0,0,06:19,F
133,Ефремов Владислав,ДИН,28,2,1,3,-1,24,8.3,8,10:21,F
134,Жарков Владимир,СЮЛ,56,6,10,16,5,46,13.0,48,13:32,F
135,Жафяров Дамир,ТОР,59,13,16,29,3,128,10.2,20,16:37,F
136,Железков Артём,АМР,50,3,8,11,-9,73,4.1,23,14:52,F
137,Жилин Алексей,СОЧ,8,0,0,0,0,3,0.0,0,02:47,F
138,Зайцев Глеб,АДМ,46,4,6,10,-6,47,8.5,6,09:35,F
139,Закриссон Патрик,ДИН,37,5,6,11,-3,51,9.8,6,15:08,F
140,Зарипов Данис,АКБ,48,9,23,32,11,62,14.5,18,14:27,F
141,Заседа Матвей,АВГ,6,0,0,0,0,0,0.0,0,02:01,F
142,Захарчук Иван,СЕВ,54,9,6,15,-14,80,11.3,20,12:01,F
143,Здунов Павел,НХК,53,2,2,4,-7,35,5.7,32,09:52,F
144,Зернов Денис,АВГ,61,13,17,30,17,120,10.8,53,16:28,F
145,Злобин Антон,СПР,30,2,2,4,-2,37,5.4,8,10:09,F
146,Зогорна Томаш,АМР,61,14,15,29,1,128,10.9,26,18:13,F
147,Зубов Илья,СПР,57,10,23,33,4,93,10.8,12,18:29,F
148,Зырянов Глеб,СИБ,32,2,4,6,-7,55,3.6,0,12:16,F
149,Иванов Георгий,ЛОК,58,3,12,15,-2,64,4.7,10,13:00,F
150,Игумнов Иван,ДИН,49,3,3,6,-4,36,8.3,20,12:56,F
151,Иконен Хенри,ЙОК,46,1,4,5,7,42,2.4,45,11:19,F
152,Ильенко Артём,ЛОК,46,3,8,11,4,68,4.4,20,12:20,F
153,Ильин Даниил,ТОР,46,6,11,17,2,47,12.8,45,13:45,F
154,Индрашис Микс,ДИН,54,16,15,31,1,127,12.6,18,17:06,F
155,Ин Руди,КУН,2,1,0,1,2,1,100.0,0,03:33,F
156,Ип Брэндон,КУН,62,21,14,35,0,163,12.9,89,18:08,F
157,Йормакка Пекка,ЙОК,48,7,15,22,4,51,13.7,22,14:24,F
158,Йоэнсуу Ессе,ЙОК,60,19,17,36,12,97,19.6,83,15:51,F
159,Каблуков Илья,СКА,49,3,5,8,5,39,7.7,10,14:49,F
160,Кагарлицкий Дмитрий,ДИН,61,24,37,59,21,188,12.8,40,19:41,F
161,Кадейкин Александр,СЮЛ,56,6,14,20,8,80,7.5,43,13:52,F
162,Казаков Максим,СИБ,43,9,7,16,-3,64,14.1,18,14:24,F
163,Казаковцев Николай,СЕВ,4,0,0,0,-4,5,0.0,7,11:01,F
164,Казионов Денис,АВТ,48,8,7,15,-10,100,8.0,36,16:21,F
165,Казионов Дмитрий,СЕВ,2,0,0,0,0,2,0.0,4,11:37,F
166,Калетник Владислав,СОЧ,55,5,4,9,-7,67,7.5,22,12:39,F
167,Калинин Сергей,ЦСК,39,3,8,11,9,53,5.7,8,15:02,F
168,Калнс Эгилс,ДРГ,7,0,0,0,-1,6,0.0,2,07:33,F
169,Капризов Кирилл,ЦСК,57,29,20,49,34,160,18.1,16,17:15,F
170,Капустин Кирилл,СОЧ,39,4,6,10,-5,51,7.8,8,13:59,F
171,Кара Владислав,АКБ,41,3,2,5,-3,34,8.8,4,07:10,F
172,Карлин Руслан,ДИН,53,4,6,10,-9,68,5.9,22,12:18,F
173,Карнаухов Павел,ЦСК,33,3,6,9,10,42,7.1,21,12:23,F
174,Карон Джордан,СИБ,33,5,7,12,-16,66,7.6,29,14:50,F
175,Карпов Максим,СКА,33,9,14,23,16,56,16.1,2,13:39,F
176,Карсумс Мартиньш,СПР,56,9,15,24,0,90,10.0,46,15:14,F
177,Картаев Владислав,ЛОК,42,6,8,14,1,103,5.8,6,12:02,F
178,Кацуба Станислав,АМР,20,1,0,1,-6,6,16.7,2,06:35,F
179,Каюмов Артур,ЛОК,46,5,8,13,3,67,7.5,59,14:08,F
180,Кейлоф Эндрю,ТОР,58,22,19,41,-3,112,19.6,22,15:35,F
181,Кейн Кори,КУН,30,4,3,7,-4,58,6.9,32,14:27,F
182,Келемен Милош,СЛВ,2,0,0,0,0,1,0.0,2,06:20,F
183,Кемппайнен Йоонас,СЮЛ,59,17,16,33,7,75,22.7,41,18:02,F
184,Кетов Евгений,СКА,46,1,6,7,4,59,1.7,18,13:40,F
185,Китаров Александр,ДМН,54,1,5,6,-10,47,2.1,18,14:48,F
186,Кларк Кевин,ДРГ,38,9,4,13,-11,98,9.2,26,16:51,F
187,Клинкхаммер Роб,АКБ,57,19,5,24,4,112,17.0,79,15:18,F
188,Коваленко Николай,ЛОК,33,5,1,6,0,21,23.8,14,10:33,F
189,Ковыршин Евгений,ДМН,56,6,11,17,-14,45,13.3,18,17:16,F
190,Когалев Александр,ДМН,44,4,5,9,1,53,7.5,10,11:30,F
191,Кодола Владислав,СЕВ,45,7,7,14,-7,68,10.3,4,14:25,F
192,Козун Брэндон,ЛОК,52,19,22,41,2,154,12.3,32,16:24,F
193,Кокарев Денис,ВИТ,61,7,14,21,3,73,9.6,24,15:03,F
194,Кокуёв Семён,ТРК,62,3,5,8,-16,53,5.7,14,14:40,F
195,Колесников Никита,СЕВ,1,0,0,0,0,0,0.0,0,06:32,F
196,Коллинз Шон,СОЧ,49,8,14,22,3,86,9.3,12,17:50,F
197,Комаров Виктор,СИБ,33,8,10,18,0,40,20.0,6,13:12,F
198,Комаров Никита,ВИТ,47,4,5,9,-8,45,8.9,67,13:41,F
199,Комиссаров Лев,ЦСК,1,0,0,0,0,0,0.0,0,10:49,F
200,Коннов Александр,АДМ,16,5,2,7,3,31,16.1,8,13:28,F
201,Контиола Петри,ЛОК,41,9,12,21,0,81,11.1,10,16:43,F
202,Коньков Сергей,АДМ,62,12,11,23,-3,100,12.0,18,17:06,F
203,Кормье Патрис,БАР,56,17,22,39,21,99,17.2,101,17:26,F
204,Королёв Антон,АДМ,22,0,2,2,-5,22,0.0,2,12:30,F
205,Коротков Евгений,ЛОК,34,1,5,6,-4,19,5.3,12,13:56,F
206,Коршков Егор,ЛОК,19,3,2,5,1,26,11.5,6,13:57,F
207,Коскиранта Ярно,СКА,47,8,4,12,14,49,16.3,6,14:37,F
208,Косов Ярослав,НХК,28,3,3,6,-4,15,20.0,6,10:56,F
209,Костицын Андрей,ДМН,50,14,14,28,1,105,13.3,28,16:33,F
210,Костицын Сергей,ДМН,60,5,13,18,-11,62,8.1,68,17:01,F
211,Котляревский Михаил,СПР,4,0,0,0,0,2,0.0,2,06:00,F
212,Кошелев Семён,АВГ,40,2,2,4,5,49,4.1,0,09:37,F
213,Кравцов Виталий,ТРК,50,8,13,21,-3,114,7.0,6,15:31,F
214,Кравченко Егор,СПР,1,0,0,0,0,0,0.0,0,00:26,F
215,Красковский Павел,ЛОК,26,1,2,3,-4,29,3.4,8,12:28,F
216,Крикунов Илья,АВТ,43,10,11,21,2,61,16.4,14,15:30,F
217,Круглов Илья,ДИН,3,0,0,0,0,5,0.0,0,07:40,F
218,Круженков Егор,СПР,5,0,0,0,0,0,0.0,0,01:02,F
219,Кручинин Алексей,СКА,38,5,7,12,2,48,10.4,10,11:57,F
220,Кугрышев Дмитрий,СЮЛ,58,16,16,32,0,131,12.2,2,15:24,F
221,Кудрявцев Павел,ЛОК,26,1,3,4,-2,34,2.9,0,10:46,F
222,Кузнецов Александр,АМР,46,5,2,7,-10,56,8.9,8,12:03,F
223,Кузнецов Владимир,АВТ,2,0,0,0,0,1,0.0,0,09:22,F
224,Кузьменко Андрей,СКА,58,12,19,31,23,112,10.7,20,13:49,F
225,Кузьмин Глеб,СЮЛ,4,0,1,1,0,2,0.0,0,09:49,F
226,Кулагин Александр,ВИТ,1,0,0,0,0,4,0.0,0,12:10,F
227,Кулёмин Вячеслав,ДИН,40,3,4,7,-3,45,6.7,24,13:28,F
228,Кулёмин Николай,ММГ,52,16,19,35,18,100,16.0,16,17:42,F
229,Куликов Павел,НХК,58,5,4,9,-12,84,6.0,18,16:54,F
230,Купцов Сергей,СЕВ,7,0,2,2,-4,4,0.0,2,13:14,F
231,Кучерявенко Александр,АВТ,37,8,14,22,7,56,14.3,12,15:55,F
232,Лазарев Антон,АМР,31,4,5,9,-5,43,9.3,2,13:11,F
233,Лампер Патрик,СЛВ,44,6,4,10,-20,58,10.3,14,15:14,F
234,Ландер Антон,АКБ,39,10,20,30,19,82,12.2,26,17:25,F
235,Лапенков Евгений,СЕВ,38,3,2,5,-6,51,5.9,9,13:08,F
236,Лапин Сергей,СЕВ,20,2,4,6,2,17,11.8,6,09:56,F
237,Ларичев Иван,СОЧ,3,0,0,0,0,0,0.0,4,06:22,F
238,Латта Майкл,КУН,51,5,9,14,-10,49,10.2,71,12:42,F
239,Левицкий Игорь,ЦСК,1,0,0,0,0,0,0.0,0,04:20,F
240,Легалин Андрей,СПР,1,0,0,0,0,0,0.0,0,01:30,F
241,Лещенко Вячеслав,СПР,52,6,7,13,-3,89,6.7,20,13:10,F
242,Ли Олег,СКА,29,2,1,3,4,32,6.3,10,11:59,F
243,Липсбергс Робертс,ДРГ,22,0,2,2,-4,21,0.0,8,09:19,F
244,Лисин Энвер,СПР,38,2,8,10,-7,54,3.7,20,14:12,F
245,Лиска Адам,СЛВ,52,5,5,10,-19,100,5.0,8,16:14,F
246,Литвинов Илья,ДМН,49,1,1,2,-8,18,5.6,4,06:30,F
247,Литовченко Вячеслав,АВТ,44,4,5,9,12,58,6.9,12,14:57,F
248,Локтионов Андрей,ЛОК,49,17,24,41,14,141,12.1,26,18:59,F
249,Локхарт Лукас,КУН,41,1,9,10,0,31,3.2,13,10:18,F
250,Лугин Дмитрий,СОЧ,5,0,1,1,0,9,0.0,2,13:32,F
251,Лукин Владислав,СЮЛ,10,2,0,2,1,11,18.2,6,10:57,F
252,Лукоянов Артём,АКБ,62,13,11,24,19,114,11.4,46,15:12,F
253,Лунд Патрик,КУН,61,6,13,19,-12,67,9.0,6,16:15,F
254,Лунтер Марио,СЛВ,52,6,6,12,-26,59,10.2,30,16:17,F
255,Любимов Роман,ММГ,62,13,8,21,3,111,11.7,20,13:58,F
256,Майоров Максим,СЮЛ,44,9,7,16,-2,56,16.1,8,13:02,F
257,Макаренко Павел,ТОР,31,1,3,4,0,28,3.6,14,11:18,F
258,Макаров Игорь,ДИН,46,5,7,12,0,97,5.2,20,15:47,F
259,Макеев Алексей,ВИТ,62,15,12,27,-2,170,8.8,16,16:36,F
260,Макеев Дмитрий,БАР,1,0,0,0,0,1,0.0,2,05:39,F
261,Макмиллан Брэндон,ДРГ,47,7,12,19,-12,103,6.8,50,19:03,F
262,Максвелл Бен,СПР,59,11,12,23,7,97,11.3,20,17:24,F
263,Малыхин Фёдор,АКБ,15,1,1,2,-5,13,7.7,16,10:53,F
264,Мальцев Михаил,СКА,13,1,1,2,-1,16,6.3,0,09:05,F
265,Мамин Максим,ЦСК,25,1,2,3,2,31,3.2,33,13:21,F
266,Маннинен Сакари,ЙОК,62,20,29,49,15,98,20.4,14,16:09,F
267,Манукян Артём,АВГ,62,3,11,14,3,59,5.1,14,09:45,F
268,Маренис Рихардс,ДРГ,33,4,1,5,-5,25,16.0,8,09:39,F
269,Марковин Дмитрий,СЕВ,33,6,6,12,0,35,17.1,2,09:51,F
270,Марченко Кирилл,СКА,1,0,0,0,0,0,0.0,0,00:15,F
271,Мейя Гинтс,ДРГ,51,5,5,10,-14,62,8.1,32,15:45,F
272,Мерескин Александр,АДМ,34,6,6,12,2,34,17.6,14,13:15,F
273,Мертл Томаш,КУН,52,4,9,13,-4,61,6.6,26,16:23,F
274,Миле Энди,ТОР,61,16,16,32,-10,112,14.3,57,18:27,F
275,Миловзоров Егор,СИБ,54,12,21,33,13,121,9.9,20,14:20,F
276,Михайлис Никита,БАР,62,17,18,35,10,133,12.8,10,15:40,F
277,Михайлов Владислав,ДИН,9,1,0,1,-4,5,20.0,0,08:32,F
278,Михайлов Никита,СИБ,58,13,12,25,0,76,17.1,2,14:13,F
279,Михеев Артём,АКБ,42,7,4,11,10,44,15.9,2,10:54,F
280,Михеев Илья,АВГ,62,23,22,45,20,197,11.7,8,19:06,F
281,Михнов Алексей,СЕВ,28,6,3,9,-7,36,16.7,4,13:25,F
282,Мозер Евгений,ДИН,54,7,7,14,-2,106,6.6,40,13:49,F
283,Мозес Стив,ЙОК,59,15,25,40,13,138,10.9,20,14:45,F
284,Мозякин Сергей,ММГ,61,23,32,55,14,171,13.5,10,19:04,F
285,Моисеев Данила,ВИТ,33,0,2,2,-5,13,0.0,8,05:09,F
286,Моисеев Дмитрий,ДИН,46,4,8,12,-1,52,7.7,26,11:45,F
287,Монахов Сергей,СЕВ,57,7,7,14,-1,71,9.9,0,14:08,F
288,Монс Евгений,ВИТ,9,1,0,1,-2,4,25.0,2,08:45,F
289,Монто Йоона,ЙОК,1,0,0,0,0,0,0.0,0,10:02,F
290,Морозов Иван,СКА,11,0,0,0,0,0,0.0,0,01:16,F
291,Мосалёв Денис,СОЧ,28,3,2,5,-4,23,13.0,10,14:11,F
292,Мошаров Денис,ТРК,2,0,0,0,-1,2,0.0,0,09:37,F
293,Муранов Иван,ДИН,16,0,0,0,-1,14,0.0,0,08:20,F
294,Мюттюнен Матиас,ДРГ,43,8,2,10,-15,55,14.5,14,14:06,F
295,Мяки Томи,ЙОК,24,2,4,6,2,9,22.2,4,10:19,F
296,Неколенко Архип,ММГ,54,2,7,9,3,49,4.1,12,11:15,F
297,Нестрашил Андрей,НХК,55,8,15,23,-13,130,6.2,18,18:50,F
298,Ниеми Мика,ЙОК,54,5,9,14,13,28,17.9,20,12:28,F
299,Нижников Кирилл,СЕВ,1,0,0,0,-1,0,0.0,0,02:23,F
300,Николаев Артём,СКА,13,0,0,0,0,2,0.0,0,01:31,F
301,Николишин Иван,СЕВ,14,2,3,5,1,21,9.5,6,13:46,F
302,Николлс Джош,КУН,16,0,1,1,-7,5,0.0,4,08:49,F
303,Никонцев Анатолий,СПР,52,17,6,23,-4,101,16.8,18,15:31,F
304,Никулин Александр,ВИТ,52,3,14,17,-10,59,5.1,6,13:12,F
305,Норман Джон,ЙОК,61,20,9,29,6,110,18.2,53,17:52,F
306,Няттинен Йоонас,НХК,54,16,12,28,-7,115,13.9,46,17:29,F
307,Обидин Андрей,АВТ,29,2,2,4,2,32,6.3,26,10:21,F
308,Огирчук Даниил,СКА,3,0,0,0,0,0,0.0,0,01:04,F
309,О'Делл Эрик,СОЧ,61,22,16,38,11,151,14.6,52,19:07,F
310,Окулов Константин,ЦСК,48,20,11,31,21,109,18.3,8,14:04,F
311,О'Нилл Брайан,ЙОК,62,13,43,56,7,112,11.6,30,16:57,F
312,Основин Вячеслав,АКБ,58,5,5,10,-9,64,7.8,24,13:42,F
313,Павлов Виталий,ДРГ,61,2,4,6,-14,59,3.4,21,12:49,F
314,Павлович Александр,ДМН,30,1,7,8,-6,40,2.5,18,15:28,F
315,Падакин Павел,НХК,50,8,10,18,-11,116,6.9,18,16:39,F
316,Пакаринен Ииро,ММГ,60,19,7,26,6,135,14.1,6,15:42,F
317,Палола Олли,КУН,61,19,7,26,-3,143,13.3,18,14:15,F
318,Панкратов Семён,ДИН,28,1,2,3,0,17,5.9,8,08:40,F
319,Панюков Кирилл,БАР,15,1,0,1,-2,12,8.3,0,08:30,F
320,Паре Франсис,АВТ,58,16,18,34,12,121,13.2,8,17:46,F
321,Парфеевец Максим,ДМН,26,1,2,3,-8,18,5.6,8,11:53,F
322,Паршин Денис,ТОР,62,16,25,41,-1,136,11.8,54,17:45,F
323,Пачин Антон,СЮЛ,2,0,0,0,-1,1,0.0,0,10:22,F
324,Пелтола Юкка,СИБ,45,8,13,21,-6,76,10.5,8,17:49,F
325,Пеньковский Артём,ТРК,14,2,0,2,-1,22,9.1,8,13:33,F
326,Первушин Владимир,СИБ,42,6,4,10,2,38,15.8,20,12:23,F
327,Пережогин Александр,АВГ,16,0,7,7,3,20,0.0,2,10:55,F
328,Пестушко Максим,СЕВ,7,0,0,0,-1,9,0.0,2,13:57,F
329,Петерссон Андре,БАР,51,23,22,45,23,135,17.0,42,16:25,F
330,Петраков Иван,ВИТ,6,0,0,0,-2,3,0.0,8,09:53,F
331,Петров Кирилл,АВГ,57,8,15,23,-7,88,9.1,15,15:41,F
332,Петров Юрий,АДМ,20,3,3,6,-3,21,14.3,7,16:28,F
333,Петрунин Александр,ДИН,2,0,0,0,0,4,0.0,0,08:38,F
334,Петунин Александр,СЕВ,32,4,3,7,-6,34,11.8,6,12:25,F
335,Петухов Егор,БАР,37,4,2,6,9,63,6.3,2,11:09,F
336,Пешехонов Владимир,СИБ,44,3,4,7,-10,51,5.9,4,10:46,F
337,Пикар Александр,КУН,4,0,0,0,-2,4,0.0,4,09:09,F
338,Пильстрём Антти,ЙОК,41,1,3,4,-7,32,3.1,10,12:10,F
339,Платонов Денис,ММГ,24,2,6,8,1,30,6.7,12,10:01,F
340,Платонов Юрий,ММГ,5,0,0,0,0,2,0.0,0,05:02,F
341,Плотников Сергей,СКА,61,19,20,39,23,108,17.6,40,17:56,F
342,Плэтт Джефф,ЙОК,60,11,11,22,-4,99,11.1,32,15:32,F
343,Подколзин Василий,СКА,3,0,0,0,-1,1,0.0,0,03:30,F
344,Подшендялов Артём,НХК,12,0,1,1,-6,10,0.0,2,11:19,F
345,Полак Войтех,АДМ,48,8,6,14,-13,92,8.7,24,14:33,F
346,Полунин Александр,СОЧ,52,4,7,11,-11,114,3.5,26,14:48,F
347,Полыгалов Игорь,ТРК,40,9,9,18,-16,55,16.4,18,17:19,F
348,Попов Александр,ЦСК,43,3,11,14,15,17,17.6,4,14:01,F
349,Попов Андрей,АКБ,44,2,4,6,3,43,4.7,8,12:39,F
350,Попов Виталий,АВТ,20,2,3,5,2,15,13.3,4,11:18,F
351,Попугаев Никита А.,АМР,36,1,0,1,-6,25,4.0,20,07:24,F
352,Порядин Павел,НХК,39,7,8,15,-4,79,8.9,16,13:09,F
353,Потапов Алексей,АКБ,49,9,10,19,22,40,22.5,14,13:12,F
354,Потехин Богдан,ВИТ,39,2,5,7,-12,39,5.1,16,11:51,F
355,Почивалов Денис,ТОР,2,0,0,0,0,1,0.0,0,02:48,F
356,Принс Шейн,СИБ,30,6,13,19,2,68,8.8,6,16:22,F
357,Прохоркин Николай,СКА,41,20,21,41,27,103,19.4,10,15:51,F
358,Пулкинен Теему,ДМН,50,15,14,29,-6,167,9.0,26,17:27,F
359,Пуустинен Юусо,НХК,53,20,17,37,-13,196,10.2,20,18:41,F
360,Пьянов Валентин,АМР,57,6,20,26,-4,93,6.5,20,17:26,F
361,Разгалс Френкс,ДРГ,32,0,2,2,-8,38,0.0,4,10:06,F
362,Раисов Аслан,ДИН,13,1,3,4,0,12,8.3,2,09:06,F
363,Расмуссен Деннис,ММГ,61,14,33,47,7,119,11.8,6,17:57,F
364,Рассейкин Максим,АВТ,44,3,5,8,-2,31,9.7,4,08:27,F
365,Рассказов Кирилл,АМР,36,5,9,14,3,34,14.7,8,15:54,F
366,Рау Чед,СЛВ,55,7,10,17,-20,73,9.6,4,14:16,F
367,Рахимуллин Дамир,СОЧ,45,7,0,7,-3,65,10.8,95,08:39,F
368,Регин Петер,ЙОК,29,2,6,8,2,31,6.5,10,15:08,F
369,Редлихс Микелис,ДРГ,57,7,16,23,-3,93,7.5,34,17:52,F
370,Рендулич Борна,ВИТ,59,13,10,23,-5,124,10.5,75,15:48,F
371,Репик Михал,ВИТ,61,15,15,30,-13,166,9.0,22,17:09,F
372,Романцев Данил,СИБ,60,13,5,18,2,95,13.7,22,13:54,F
373,Росьен Роберт,СОЧ,62,13,27,40,13,113,11.5,28,17:51,F
374,Ртищев Никита,ЦСК,13,1,0,1,1,5,20.0,0,04:29,F
375,Руденков Игорь,АМР,55,13,12,25,-2,131,9.9,20,15:29,F
376,Руохомаа Микаэл,НХК,49,9,24,33,-3,127,7.1,16,19:07,F
377,Рыбаков Александр,ТРК,62,6,8,14,-20,47,12.8,26,16:09,F
378,Рыбин Максим,СЮЛ,57,2,9,11,-14,77,2.6,82,13:14,F
379,Саболич Роберт,ТОР,58,16,11,27,-18,148,10.8,29,15:04,F
380,Савинайнен Вели-Матти,КУН,37,9,9,18,-13,71,12.7,45,18:01,F
381,Сагадеев Антон,БАР,61,4,6,10,8,59,6.8,14,11:52,F
382,Самохвалов Никита,АВГ,5,0,0,0,0,1,0.0,2,04:10,F
383,Санников Степан,ЛОК,59,8,6,14,-2,107,7.5,24,15:30,F
384,Саюстов Дмитрий,СИБ,54,12,18,30,3,88,13.6,16,17:35,F
385,Светлаков Андрей,ЦСК,44,8,7,15,17,65,12.3,25,13:34,F
386,Свитов Александр,АКБ,28,1,7,8,0,28,3.6,14,12:47,F
387,Секач Иржи,АКБ,60,23,24,47,14,121,19.0,16,16:01,F
388,Секстон Дэн,АВТ,61,25,27,52,22,186,13.4,6,16:28,F
389,Семёнов Кирилл,АВГ,62,15,13,28,5,153,9.8,16,17:04,F
390,Сен-Пьер Мартен,КУН,27,4,8,12,-15,26,15.4,10,14:44,F
391,Сентюрин Сергей,ТРК,8,0,0,0,-2,2,0.0,4,06:45,F
392,Сетдиков Никита,АВТ,25,3,3,6,-1,25,12.0,6,08:48,F
393,Сёмин Александр,ВИТ,54,19,21,40,6,153,12.4,43,17:28,F
394,Сёмин Дмитрий,ТОР,47,3,12,15,-2,46,6.5,14,12:53,F
395,Сигарёв Андрей,СИБ,1,0,0,0,-1,0,0.0,0,09:21,F
396,Сидляров Дмитрий,ДИН,15,1,3,4,0,15,6.7,4,09:35,F
397,Силаев Иван,ЦСК,1,0,0,0,0,1,0.0,0,10:13,F
398,Сироткин Никита,АДМ,7,0,0,0,-5,5,0.0,6,08:01,F
399,Сито Кристофер,КУН,19,1,0,1,2,18,5.6,4,08:02,F
400,Сквайрз Грэг,КУН,59,3,8,11,-17,92,3.3,14,11:39,F
401,Скворцов Гунарс,ДРГ,23,0,0,0,-10,22,0.0,27,14:21,F
402,Скориков Даниил,СЮЛ,3,0,0,0,0,2,0.0,0,08:57,F
403,Скотт Грег,ЦСК,45,9,8,17,12,77,11.7,24,12:43,F
404,Слепец Кирилл,ЛОК,10,1,0,1,-4,14,7.1,2,07:27,F
405,Слепышев Антон,ЦСК,56,15,10,25,19,120,12.5,20,14:44,F
406,Слобода Марек,СЛВ,35,3,0,3,-8,24,12.5,6,09:06,F
407,Смолин Михаил,ТОР,25,2,1,3,-5,29,6.9,43,07:17,F
408,Солодухин Вячеслав,СЮЛ,37,6,2,8,2,38,15.8,6,12:42,F
409,Сорокин Евгений,СПР,4,0,0,0,0,2,0.0,2,08:06,F
410,Стальнов Донат,ТОР,7,0,1,1,-1,6,0.0,4,04:12,F
411,Старков Степан,СОЧ,34,3,3,6,2,35,8.6,8,09:55,F
412,Старченко Роман,БАР,56,18,21,39,16,116,15.5,18,16:03,F
413,Стась Андрей,АВГ,53,3,3,6,9,44,6.8,14,09:25,F
414,Степанов Андрей,ДМН,38,4,6,10,-3,60,6.7,14,13:08,F
415,Стоа Райан,ТРК,59,11,15,26,-10,120,9.2,30,15:59,F
416,Стольберг Виктор,АВГ,29,7,4,11,-3,53,13.2,8,15:15,F
417,Столяров Геннадий,ВИТ,59,5,10,15,-6,83,6.0,19,18:02,F
418,Странски Матей,СЕВ,17,3,3,6,-1,37,8.1,12,13:24,F
419,Стрельцов Александр,АДМ,57,7,15,22,-2,84,8.3,24,14:08,F
420,Стрельцов Василий,АДМ,61,7,17,24,-9,58,12.1,61,15:07,F
421,Сукель Матуш,СЛВ,60,10,8,18,-29,116,8.6,39,16:25,F
422,Сундстрём Юхан,КУН,26,1,7,8,3,57,1.8,37,18:13,F
423,Талалуев Илья,СПР,27,3,3,6,-5,24,12.5,25,10:53,F
424,Тальбо Максим,АВГ,42,4,6,10,0,35,11.4,14,14:18,F
425,Тарасов Даниил,ДИН,36,12,6,17,1,108,11.1,15,16:45,F
426,Таффе Джефф,СЛВ,62,12,19,31,-25,136,8.8,18,17:41,F
427,Телегин Иван,ЦСК,49,6,16,22,14,81,7.4,26,14:41,F
428,Терещенко Алексей,ДМН,30,6,10,16,9,31,19.4,6,17:56,F
429,Тертышный Никита,ТРК,4,0,0,0,0,4,0.0,0,08:18,F
430,Тимкин Евгений,ММГ,55,8,5,13,4,85,9.4,32,12:17,F
431,Тихонов Виктор,СКА,38,5,7,12,8,50,10.0,24,14:07,F
432,Тичар Рок,КУН,12,0,2,2,-2,10,0.0,4,13:04,F
433,Ткаченко Павел,СИБ,23,2,2,4,1,24,8.3,0,09:47,F
434,Ткачёв Владимир,СЮЛ,53,5,21,26,3,77,6.5,28,15:11,F
435,Ткачёв Владимир,АКБ,58,11,11,22,11,110,10.0,10,15:47,F
436,Толчинский Сергей,ЦСК,37,9,4,13,9,45,20.0,10,13:24,F
437,Томас Кристиан,ТРК,35,9,10,19,-6,100,9.0,22,16:57,F
438,Томилин Артём,СОЧ,37,3,3,6,-2,49,6.1,12,12:00,F
439,Торченюк Александр,АВТ,20,1,1,2,-7,18,5.6,6,11:04,F
440,Точицкий Никита,СОЧ,48,5,4,9,-12,31,16.1,12,10:36,F
441,Тридчиков Александр,ТРК,7,0,0,0,-3,2,0.0,6,08:30,F
442,Трубачёв Юрий,СЕВ,56,10,12,22,3,57,17.5,26,17:04,F
443,Трунёв Максим,СПР,36,2,8,10,4,34,5.9,8,11:14,F
444,Умарк Линус,СЮЛ,56,10,38,48,3,159,6.3,28,18:53,F
445,Ураков Кирилл,ТОР,50,4,5,9,4,62,6.5,28,12:40,F
446,Ушенин Владислав,АМР,50,9,12,21,-5,84,10.7,18,15:48,F
447,Ушенин Вячеслав,АМР,60,8,15,23,-7,127,6.3,44,17:09,F
448,Файзуллин Данил,АМР,43,11,8,19,-4,91,12.1,10,15:26,F
449,Фатеев Егор,ЛОК,7,0,1,1,-4,5,0.0,2,08:30,F
450,Феоктистов Никита,АДМ,34,3,3,6,-3,20,15.0,12,11:23,F
451,Фёдоров Артём,СПР,49,8,13,21,0,79,10.1,26,16:30,F
452,Фёдоров Владислав,СЕВ,1,0,0,0,0,1,0.0,0,10:32,F
453,Филатов Никита,СЮЛ,22,3,5,8,1,32,9.4,8,13:28,F
454,Филиппи Томаш,АМР,10,2,2,4,-6,15,13.3,2,17:31,F
455,Фисенко Михаил,АВГ,53,4,4,8,6,41,9.8,30,10:17,F
456,Фонтэйн Джастин,КУН,54,8,14,22,-14,85,9.4,16,16:39,F
457,Фрэттин Мэттью,БАР,52,17,22,39,8,108,15.7,27,18:08,F
458,Хайруллин Марат,НХК,55,8,5,13,-4,90,8.9,22,13:53,F
459,Ханзл Робин,СПР,62,11,18,29,-7,93,11.8,12,18:02,F
460,Хансен Янник,ЦСК,45,7,11,18,12,67,10.4,12,14:10,F
461,Хартикайнен Тему,СЮЛ,59,17,29,46,5,153,11.1,24,18:24,F
462,Хауден Куинтон,ДМН,58,12,16,28,-10,99,12.1,24,18:29,F
463,Хисамутдинов Арсен,НХК,9,2,3,5,-3,21,9.5,0,13:25,F
464,Хлопотов Вадим,СОЧ,25,1,1,2,-4,26,3.8,8,12:24,F
465,Хохлачёв Александр,СПР,54,18,19,37,6,94,19.1,34,18:17,F
466,Хохряков Пётр,СЮЛ,54,9,14,23,-4,67,13.4,34,16:49,F
467,Хривик Марек,ВИТ,26,8,7,15,0,61,13.1,4,19:50,F
468,Хрипунов Степан,АВТ,23,3,5,8,5,24,12.5,6,09:53,F
469,Ху Ян,КУН,2,0,0,0,-1,1,0.0,0,05:25,F
470,Цыплаков Максим,СПР,31,4,5,9,5,24,16.7,29,08:29,F
471,Чебыкин Николай,СЮЛ,3,0,0,0,0,1,0.0,2,11:02,F
472,Червены Рудольф,СЛВ,57,11,12,23,-12,125,8.8,28,18:54,F
473,Червоненко Владислав,ЛОК,4,0,0,0,0,6,0.0,2,08:40,F
474,Черников Александр,АДМ,60,10,18,28,-9,70,14.3,18,15:22,F
475,Чернов Павел,ВИТ,42,7,4,11,-10,44,15.9,8,13:09,F
476,Черных Дмитрий,СПР,8,0,0,0,-4,15,0.0,0,10:33,F
477,Чесалин Евгений,АВТ,35,5,5,10,4,41,12.2,16,11:57,F
478,Чибисов Андрей,ММГ,50,7,13,20,1,120,5.8,14,13:55,F
479,Чипчура Кайл,СЛВ,61,5,13,18,-17,81,6.2,27,14:59,F
480,Шалагин Михаил,СПР,4,0,0,0,-2,1,0.0,0,01:41,F
481,Шалунов Максим,ЦСК,55,14,11,25,21,137,10.2,34,15:57,F
482,Шарифьянов Тимур,НХК,33,0,2,2,-5,17,0.0,4,07:44,F
483,Шаров Александр,ТРК,51,7,8,15,-7,63,11.1,18,15:08,F
484,Шаров Александр,СИБ,62,11,13,24,-13,93,11.8,16,16:44,F
485,Шафигуллин Булат,НХК,31,0,2,2,-3,14,0.0,14,06:43,F
486,Шашков Глеб,СПР,26,1,2,3,-1,20,5.0,4,08:21,F
487,Шашков Никита,СИБ,25,3,1,4,-1,34,8.8,4,09:59,F
488,Швец-Роговой Артём,ВИТ,61,12,13,25,-5,88,13.6,42,16:29,F
489,Шевченко Александр,ВИТ,12,2,0,2,-1,6,33.3,0,08:38,F
490,Шевченко Дмитрий,БАР,62,7,6,13,1,69,10.1,32,14:33,F
491,Шенфельд Антон,ТОР,52,6,23,29,-4,79,7.6,4,15:08,F
492,Шиксатдаров Ильдар,НХК,38,6,2,8,-5,57,10.5,44,13:03,F
493,Шимун Эдуард,СЛВ,11,0,1,1,-1,9,0.0,2,08:41,F
494,Шипачёв Вадим,ДИН,61,20,48,67,22,112,17.9,30,20:56,F
495,Шипин Максим,ТРК,2,0,0,0,0,0,0.0,0,06:11,F
496,Широков Сергей,АВГ,61,18,23,41,22,126,14.3,18,18:03,F
497,Шмелёв Сергей,СОЧ,55,7,13,20,5,104,6.7,2,16:17,F
498,Шолохов Марсель,ТРК,56,4,2,6,-9,43,9.3,20,13:02,F
499,Шор Дрю,КУН,18,6,5,11,-2,42,14.3,8,22:09,F
500,Шор Николас,ММГ,37,3,13,16,0,47,6.4,22,16:01,F
501,Шумаков Сергей,АВГ,21,5,12,17,-2,41,12.2,6,16:15,F
502,Шураков Денис,ТОР,6,0,1,1,0,4,0.0,2,06:04,F
503,Шэн Павел,СЮЛ,20,0,1,1,0,9,0.0,0,04:24,F
504,Щербина Александр,СЕВ,19,3,2,5,-1,38,7.9,24,11:12,F
505,Щехура Пол,ТРК,41,9,5,14,-11,57,15.8,14,15:52,F
506,Эллисон Мэтт,ММГ,62,20,35,55,12,126,15.9,34,18:56,F
507,Эмбрих Эрик,ЙОК,1,0,0,0,0,0,0.0,2,04:13,F
508,Эммертон Кори,СИБ,11,0,0,0,-10,13,0.0,6,14:18,F
509,Энлунд Йонас,ТРК,45,5,13,18,-13,73,6.8,14,17:42,F
510,Эштон Картер,СЕВ,36,9,5,14,-4,74,12.2,26,15:15,F
511,Юнттила Юлиус,СИБ,5,0,0,0,-2,6,0.0,0,15:37,F
512,Юньков Михаил,СЕВ,13,0,1,1,-2,13,0.0,2,15:11,F
513,Юртайкин Даниил,ЛОК,40,10,9,19,12,52,19.2,14,11:50,F
514,Язьков Никита,ММГ,34,1,5,6,-9,17,5.9,6,10:08,F
515,Якимов Богдан,СЕВ,50,5,10,15,7,73,6.8,22,14:11,F
516,Яковлев Алексей,СИБ,32,0,2,2,-4,29,0.0,10,11:02,F
517,Яковлев Егор,АДМ,27,1,2,3,-5,16,6.3,12,11:28,F
518,Якупов Наиль,СКА,48,23,10,33,22,102,22.5,30,13:52,F
519,Яремчук Александр,АВГ,27,0,2,2,-3,5,0.0,0,03:35,F
520,Яшин Олег,СЕВ,27,2,2,4,-14,26,7.7,2,12:15,F
521,Абросимов Роман,АКБ,44,1,5,6,8,34,2.9,57,16:46,D
522,Аверин Николай,ЛОК,40,0,1,1,1,34,0.0,18,14:15,D
523,Александров Денис,СОЧ,43,0,3,3,-2,31,0.0,8,11:26,D
524,Александров Юрий,СОЧ,40,2,7,9,3,38,5.3,8,18:10,D
525,Алексеев Дмитрий,ТРК,7,0,0,0,0,4,0.0,2,10:50,D
526,Алексеев Константин,СИБ,49,1,8,9,-5,26,3.8,22,17:47,D
527,Алексеев Сергей,ДИН,2,0,0,0,-1,0,0.0,0,04:51,D
528,Алишаускас Нериюс,ДРГ,48,2,6,8,1,37,5.4,22,17:50,D
529,Аляев Артём,ТОР,41,4,5,9,-13,70,5.7,14,16:58,D
530,Антипин Виктор,ММГ,55,11,16,27,-1,119,9.2,8,22:38,D
531,Антропов Егор,АДМ,17,1,0,1,-4,21,4.8,6,19:18,D
532,Арзамасцев Захар,СЮЛ,40,9,6,15,8,38,23.7,6,16:31,D
533,Атюшов Виталий,АМР,43,2,10,12,11,48,4.2,28,19:44,D
534,Аувиту Йоханн,СОЧ,25,2,4,6,2,57,3.5,8,19:24,D
535,Афанасьев Максим,ЛОК,43,1,8,9,9,35,2.9,12,13:09,D
536,Бакушин Артём,БАР,1,0,0,0,0,1,0.0,2,01:13,D
537,Балинскис Увис,ДРГ,37,1,10,11,-7,43,2.3,16,19:51,D
538,Баранцев Денис,ТОР,59,5,16,21,12,153,3.3,72,20:56,D
539,Бартли Виктор,КУН,51,6,4,10,-9,76,7.9,68,18:45,D
540,Бартулис Оскарс,КУН,15,2,1,3,4,21,9.5,8,18:58,D
541,Батыршин Рафаэль,АКБ,51,4,6,10,7,41,9.8,58,17:28,D
542,Бачик Патрик,СЛВ,48,0,3,3,-9,33,0.0,41,14:27,D
543,Белов Антон,СКА,41,6,10,16,18,93,6.5,8,19:26,D
544,Беляков Фёдор,ЦСК,1,0,0,0,-2,0,0.0,0,10:57,D
545,Береглазов Алексей,ММГ,60,4,11,15,1,156,2.6,22,20:30,D
546,Березин Максим,АВГ,30,2,2,4,9,31,6.5,2,10:31,D
547,Бирюков Евгений,ММГ,57,2,8,10,3,50,4.0,28,18:01,D
548,Блажиевский Артём,ЦСК,47,3,8,11,23,61,4.9,12,15:40,D
549,Блум Джонатон,ДМН,35,3,7,10,-8,61,4.9,27,21:08,D
550,Блэкер Джесси,БАР,54,3,16,19,4,89,3.4,30,19:31,D
551,Бобряшов Никита,ММГ,16,0,0,0,-4,14,0.0,2,10:38,D
552,Боди Мэтью,ТОР,39,3,13,16,0,61,4.9,32,20:55,D
553,Бодров Денис,АВТ,48,3,11,14,21,53,5.7,32,19:26,D
554,Бокун Даниил,ДМН,18,0,1,1,-7,13,0.0,6,11:02,D
555,Болдижар Давид,СЛВ,3,0,0,0,-3,3,0.0,0,12:07,D
556,Бондарев Алексей,АВГ,26,0,4,4,7,10,0.0,4,08:04,D
557,Бородкин Артём,ТРК,57,1,3,4,-3,53,1.9,14,16:21,D
558,Брынцев Александр,НХК,61,0,12,12,-9,85,0.0,22,20:48,D
559,Будкин Александр,СОЧ,31,0,1,1,-10,20,0.0,6,12:20,D
560,Бэйлен Ник,ТРК,62,7,17,24,-22,150,4.7,39,21:49,D
561,Валитов Даниил,АВТ,8,0,0,0,0,1,0.0,0,03:51,D
562,Василевский Алексей,АВТ,51,6,6,12,7,96,6.3,24,18:07,D
563,Васильев Валерий,ММГ,24,1,1,2,-2,13,7.7,14,14:49,D
564,Верещагин Иван,ММГ,58,7,4,11,21,67,10.4,10,16:31,D
565,Верёвкин Максим,СЕВ,18,0,2,2,-7,14,0.0,22,16:07,D
566,Веркох Патрик,ДМН,59,8,17,25,-11,181,4.4,34,22:14,D
567,Виклунд Тобиас,КУН,30,0,6,6,-7,36,0.0,18,16:26,D
568,Виташек Ондржей,КУН,43,3,13,16,-1,50,6.0,20,19:12,D
569,Вишневский Дмитрий,СПР,44,0,7,7,-3,49,0.0,14,18:23,D
570,Вишневский Иван,АВТ,49,3,22,25,0,60,5.0,18,18:43,D
571,Волгин Алексей,НХК,50,0,0,0,-23,63,0.0,32,13:25,D
572,Волков Артём,ДИН,56,2,7,9,5,47,4.3,20,17:00,D
573,Волков Артём,СПР,5,0,0,0,1,3,0.0,0,07:28,D
574,Волченков Антон,ТОР,31,1,4,5,-1,22,4.5,6,14:35,D
575,Воробей Павел,СИБ,27,0,2,2,-3,28,0.0,33,11:37,D
576,Воробьёв Дмитрий,АМР,38,1,4,5,-14,35,2.9,16,18:46,D
577,Воробьёв Кирилл,СОЧ,48,1,5,6,2,43,2.3,47,16:33,D
578,Воронков Егор,ВИТ,32,1,3,4,-3,25,4.0,11,16:46,D
579,Гавриков Владислав,СКА,60,5,15,20,47,103,4.9,10,19:27,D
580,Гареев Станислав,СЮЛ,37,0,3,3,6,30,0.0,12,12:02,D
581,Гедера Томаш,СЛВ,2,0,0,0,-1,0,0.0,0,01:46,D
582,Гимаев Сергей,ДРГ,54,0,1,1,-8,36,0.0,34,16:08,D
583,Глазков Иван,СЕВ,18,0,1,1,4,7,0.0,10,15:16,D
584,Головков Игорь,ВИТ,61,0,4,4,-20,38,0.0,64,16:43,D
585,Голощапов Кирилл,ЦСК,2,0,0,0,1,0,0.0,0,04:30,D
586,Гончаров Максим,СПР,42,0,6,6,-12,64,0.0,42,16:46,D
587,Готовец Кирилл,ДМН,44,0,3,3,-13,40,0.0,18,15:35,D
588,Грант Алекс,ЙОК,57,13,25,38,9,214,6.1,52,19:00,D
589,Граньяни Марк-Андре,КУН,23,2,9,11,-1,20,10.0,14,23:36,D
590,Грбас Марек,АМР,25,1,2,3,-8,52,1.9,12,19:10,D
591,Григорьев Михаил,СПР,30,1,7,8,3,31,3.2,19,20:07,D
592,Гришин Алексей,СПР,10,2,1,3,2,6,33.3,2,13:46,D
593,Грман Марио,СЛВ,54,3,6,9,-23,61,4.9,50,16:39,D
594,Гуркин Ефим,АВТ,49,1,7,8,2,57,1.8,14,17:22,D
595,Даллмэн Кевин,БАР,49,5,13,18,0,133,3.8,20,21:55,D
596,Дальбек Клас,ЦСК,55,2,9,11,24,64,3.1,22,16:45,D
597,Данияр Самат,БАР,2,0,0,0,0,0,0.0,0,00:00,D
598,Дедов Георгий,ВИТ,1,0,0,0,0,0,0.0,0,00:00,D
599,Демидов Николай,СИБ,47,10,15,25,6,68,14.7,16,17:48,D
600,Дзанетти Марк-Энтони,ДРГ,36,0,4,4,-8,38,0.0,26,15:51,D
601,Диц Даррен,БАР,62,16,37,53,30,253,6.3,59,23:45,D
602,Дронов Григорий,ММГ,16,2,3,5,3,12,16.7,18,16:39,D
603,Дыбленко Ярослав,СПР,55,5,5,10,-5,83,6.0,66,18:29,D
604,Дьяков Кирилл,АДМ,48,3,16,19,3,57,5.3,31,17:57,D
605,Евенко Олег,ДМН,44,2,1,3,-10,14,14.3,67,10:19,D
606,Евсеенков Александр,ВИТ,57,2,12,14,3,64,3.1,45,19:10,D
607,Егоршев Станислав,АВТ,34,0,2,2,-1,30,0.0,22,16:56,D
608,Елесин Александр,ЛОК,55,4,6,10,-2,87,4.6,47,17:30,D
609,Елизаров Анатолий,СЮЛ,40,0,0,0,-4,8,0.0,8,05:47,D
610,Емелин Алексей,АВГ,48,5,14,19,1,76,6.6,20,21:12,D
611,Енсен Еспер Б.,ЙОК,49,3,7,10,11,80,3.8,16,18:14,D
612,Епишин Михаил,ВИТ,19,0,1,1,-1,6,0.0,12,12:58,D
613,Ермаков Андрей,ЦСК,9,0,0,0,1,7,0.0,6,12:13,D
614,Желдаков Григорий,ТРК,47,0,3,3,-9,32,0.0,14,13:57,D
615,Желинас Эрик,СЛВ,52,5,10,15,-14,128,3.9,32,19:35,D
616,Журавлёв Егор,АМР,18,0,1,1,-5,21,0.0,10,15:48,D
617,Зайцев Дмитрий,ММГ,16,0,0,0,0,6,0.0,0,04:02,D
618,Зайцев Егор,ДИН,47,1,1,2,-3,32,3.1,41,12:51,D
619,Захарчук Степан,АДМ,27,3,2,5,-5,53,5.7,31,17:09,D
620,Зборовский Сергей,СОЧ,21,0,1,1,1,9,0.0,8,07:44,D
621,Земчёнок Артём,СКА,28,2,3,5,16,23,8.7,10,16:00,D
622,Зиле Кристапс,ДРГ,46,3,4,7,-12,43,7.0,19,17:01,D
623,Знахаренко Дмитрий,ДМН,48,0,3,3,0,37,0.0,24,12:16,D
624,Зубарев Андрей,СКА,27,1,3,4,12,36,2.8,7,18:04,D
625,Зуб Артём,СКА,49,2,7,9,22,49,4.1,18,17:34,D
626,Ибрагимов Марсель,ЦСК,5,0,0,0,-1,3,0.0,2,13:21,D
627,Ибрайбеков Мадияр,БАР,1,0,0,0,-1,0,0.0,0,01:09,D
628,Игнатович Максим,СИБ,51,1,5,6,-7,54,1.9,36,16:37,D
629,Исаев Игорь,ТРК,59,1,7,8,-13,35,2.9,14,17:30,D
630,Йокипакка Юрки,СОЧ,59,10,14,24,-1,149,6.7,10,22:50,D
631,Йордан Михал,АМР,53,2,13,15,8,117,1.7,16,21:40,D
632,Калашников Станислав,СЕВ,23,1,2,3,-2,37,2.7,2,14:46,D
633,Калинин Дмитрий,СПР,50,2,9,11,-3,43,4.7,14,17:13,D
634,Калкис Робертс,ДРГ,1,0,0,0,0,0,0.0,0,01:37,D
635,Камалов Никита,АМР,17,2,3,5,0,28,7.1,10,19:11,D
636,Карклс Ренарс,ДРГ,1,0,0,0,0,0,0.0,0,00:35,D
637,Кармашков Артур,АДМ,38,0,3,3,2,7,0.0,10,07:40,D
638,Карпухин Илья,ТРК,31,1,1,2,-4,57,1.8,8,16:22,D
639,Катичев Евгений,ВИТ,55,0,3,3,2,22,0.0,46,14:31,D
640,Кивистё Томми,ЙОК,59,1,8,9,3,69,1.4,42,18:24,D
641,Кинрейд Джеффри,СЕВ,17,3,4,7,1,32,9.4,12,18:30,D
642,Климонтов Константин,СИБ,45,1,4,5,-9,35,2.9,24,13:42,D
643,Клок Лукаш,СЛВ,54,1,7,8,-21,73,1.4,79,17:10,D
644,Кныжов Николай,СКА,3,0,0,0,-2,0,0.0,0,08:08,D
645,Ковалёв Иван,ЛОК,3,0,0,0,-1,2,0.0,0,07:57,D
646,Кожемякин Глеб,ВИТ,11,0,1,1,-2,1,0.0,2,05:00,D
647,Козловский Юрий,АДМ,54,1,7,8,-12,40,2.5,14,15:54,D
648,Койвисто Миико,ДИН,48,3,15,18,6,57,5.3,22,17:50,D
649,Коларж Ян,АМР,41,4,9,13,2,88,4.5,12,22:55,D
650,Коледов Павел,СЮЛ,52,3,4,7,8,62,4.8,8,16:36,D
651,Кольцов Кирилл,АВТ,9,0,2,2,3,4,0.0,2,12:44,D
652,Кондратьев Максим,АМР,34,2,2,4,-12,45,4.4,16,17:40,D
653,Корнеев Константин,СЕВ,44,1,7,8,-11,48,2.1,30,19:11,D
654,Коробов Дмитрий,ТОР,39,1,7,8,-5,21,4.8,20,17:21,D
655,Корягин Глеб,АМР,49,1,4,5,-12,50,2.0,28,16:47,D
656,Кронвалль Стаффан,ЛОК,54,3,7,10,3,90,3.3,18,17:37,D
657,Кубат Карел,АДМ,47,5,9,14,-3,95,5.3,53,18:00,D
658,Кудако Вадим,СЕВ,46,5,6,11,-4,45,11.1,8,14:25,D
659,Кузьмин Денис,АМР,32,0,0,0,-10,19,0.0,12,14:41,D
660,Кулда Артурс,СЕВ,59,2,5,7,-8,96,2.1,42,18:47,D
661,Кулик Евгений,СПР,54,2,7,9,17,41,4.9,20,16:15,D
662,Куляш Денис,СЕВ,24,2,4,6,-3,67,3.0,41,16:25,D
663,Кундратек Томаш,КУН,25,0,3,3,-15,38,0.0,10,20:05,D
664,Кутейкин Андрей,СПР,51,6,14,20,8,190,3.2,18,20:44,D
665,Кутузов Александр,ЛОК,41,1,7,8,7,28,3.6,10,16:20,D
666,Ларсен Филип,СЮЛ,55,9,17,26,-1,119,7.6,14,21:45,D
667,Лауридсен Оливер,ЙОК,55,2,11,13,23,60,3.3,93,16:38,D
668,Лаюнен Вилле,КУН,56,10,17,27,-14,167,6.0,44,23:04,D
669,Лекомцев Иван,СЕВ,59,2,8,10,-4,102,2.0,45,19:07,D
670,Лепистё Сами,ЙОК,59,8,28,36,1,172,4.7,65,21:13,D
671,Липин Александр,БАР,33,0,1,1,-1,7,0.0,2,09:09,D
672,Лисовец Евгений,ДМН,59,7,18,25,-7,108,6.5,26,20:55,D
673,Лисов Никита,АМР,1,0,0,0,0,0,0.0,0,01:44,D
674,Логинов Александр,СИБ,50,8,9,17,3,108,7.4,18,21:10,D
675,Лоов Виктор,ЙОК,56,7,10,17,8,81,8.6,67,17:19,D
676,Лофквист Сэм,КУН,18,3,8,11,-4,56,5.4,16,21:46,D
677,Лукин Дмитрий,СИБ,35,0,1,1,-4,10,0.0,28,12:25,D
678,Лямин Кирилл,АВТ,43,2,5,7,6,40,5.0,26,15:59,D
679,Лямкин Никита,АКБ,34,2,4,6,-1,33,6.1,8,16:39,D
680,Ляхов Александр,СЮЛ,9,0,0,0,0,2,0.0,0,01:03,D
681,Майоне Мэтью,ДРГ,58,12,31,43,-13,149,8.1,22,19:46,D
682,Макаров Александр,СЕВ,11,0,0,0,-6,5,0.0,8,10:56,D
683,Макеев Никита,ЦСК,2,0,0,0,1,1,0.0,2,08:23,D
684,Маклюков Алексей,БАР,61,3,11,14,20,55,5.5,16,17:33,D
685,Малевич Владимир,СЕВ,14,1,0,1,-4,11,9.1,10,18:08,D
686,Мамкин Михаил,АВТ,46,1,8,9,16,54,1.9,18,18:08,D
687,Мамчицс Робертс,ДРГ,10,0,0,0,-3,6,0.0,0,10:42,D
688,Манухов Роман,АКБ,19,1,5,6,3,20,5.0,8,18:49,D
689,Марков Андрей,АКБ,49,2,12,14,13,68,2.9,20,21:19,D
690,Мартынов Егор,АВГ,39,1,8,9,11,61,1.6,0,12:55,D
691,Марченко Алексей,ЦСК,59,2,17,19,28,70,2.9,18,18:43,D
692,Матушкин Максим,ММГ,62,6,13,19,19,123,4.9,6,18:40,D
693,Мегалинский Дмитрий,СЕВ,10,1,1,2,-3,5,20.0,31,12:00,D
694,Медведев Евгений,АВГ,62,8,22,30,19,181,4.4,22,20:58,D
695,Медведев Павел,ТОР,1,0,0,0,-1,0,0.0,2,10:28,D
696,Меньшиков Виталий,ДИН,54,2,3,5,-3,73,2.7,58,13:10,D
697,Месарош Андрей,СЛВ,39,2,5,7,-18,77,2.6,32,15:11,D
698,Минеев Максим,ДИН,14,0,1,1,-6,15,0.0,4,14:43,D
699,Миронов Андрей Ан.,ДИН,40,0,5,5,3,60,0.0,50,15:43,D
700,Мисюль Даниил,ЛОК,3,0,1,1,2,6,0.0,0,14:40,D
701,Мишарин Георгий,АВТ,32,0,2,2,6,18,0.0,6,15:16,D
702,Мищенко Иван,АДМ,60,2,15,17,-10,101,2.0,88,19:26,D
703,Мозик Войтех,ВИТ,57,5,20,25,0,155,3.2,67,22:03,D
704,Морозов Илья,СИБ,49,1,4,5,1,41,2.4,12,14:57,D
705,Мусин Дамир,НХК,55,3,4,7,0,36,8.3,10,17:12,D
706,Назаревич Илья,ТОР,29,1,3,4,-10,51,2.0,6,16:35,D
707,Накладал Якуб,ЛОК,53,9,14,23,0,161,5.6,35,20:23,D
708,Науменков Михаил,ЦСК,50,2,8,10,34,47,4.3,49,15:39,D
709,Наумов Владислав,СИБ,45,1,2,3,-10,32,3.1,22,13:35,D
710,Нестеров Никита,ЦСК,41,4,13,17,16,93,4.3,20,21:00,D
711,Никитин Никита,ТРК,28,2,1,3,-9,31,6.5,29,17:08,D
712,Никулин Илья,ДИН,60,9,15,24,6,134,6.7,55,20:10,D
713,Нурмиканта Нико,ЙОК,3,0,0,0,-2,2,0.0,2,11:28,D
714,Огиенко Егор,ТОР,9,0,1,1,-3,3,0.0,2,12:27,D
715,Огурцов Дмитрий,НХК,49,1,3,4,-19,60,1.7,30,16:05,D
716,Олендаренко Илья,ТОР,1,0,0,0,-1,0,0.0,2,11:25,D
717,Ольшанский Савелий,ММГ,10,0,1,1,2,4,0.0,2,08:08,D
718,Орехов Валерий,БАР,41,3,3,6,12,27,11.1,14,12:54,D
719,Орлов Михаил,ТОР,60,6,9,15,6,93,6.5,24,18:55,D
720,Осипов Александр,СПР,46,5,2,7,-5,53,9.4,51,14:50,D
721,Осипов Денис,ДМН,43,3,4,7,-7,40,7.5,22,17:54,D
722,Осипов Максим,ЛОК,54,3,11,14,-2,66,4.5,28,17:14,D
723,Пайгин Зият,СОЧ,31,2,9,11,6,72,2.8,6,17:51,D
724,Панин Григорий,СЮЛ,46,1,6,7,3,35,2.9,79,17:44,D
725,Парлетт Блэйк,КУН,32,4,5,9,-3,46,8.7,10,18:19,D
726,Патрикеев Михаил,АДМ,19,0,2,2,0,22,0.0,4,12:33,D
727,Пашнин Михаил,ЦСК,42,1,5,6,23,49,2.0,37,16:39,D
728,Педан Андрей,АКБ,37,2,9,11,18,84,2.4,44,18:58,D
729,Педан Руслан,ДРГ,11,0,1,1,-3,11,0.0,8,11:15,D
730,Пепеляев Алексей,ДИН,38,1,1,2,-3,26,3.8,18,11:29,D
731,Петрищев Руслан,СЮЛ,3,0,0,0,-1,1,0.0,0,09:33,D
732,Петров Алексей,ТРК,43,0,7,7,-10,20,0.0,47,13:33,D
733,Пивцакин Никита,АВГ,38,4,3,7,-5,53,7.5,29,14:21,D
734,Пиганович Олег,СИБ,35,1,7,8,-6,50,2.0,47,15:19,D
735,Погоришный Олег,СОЧ,14,1,1,2,-5,13,7.7,2,14:36,D
736,Покка Вилле,АВГ,61,7,10,17,13,110,6.4,8,19:16,D
737,Полашек Адам,НХК,58,7,19,26,-14,125,5.6,49,23:12,D
738,Полохов Кирилл,БАР,52,0,1,1,-4,21,0.0,6,06:29,D
739,Постма Пол,АКБ,57,8,20,28,20,123,6.5,12,20:45,D
740,Прибыльский Андрей,ДИН,23,0,2,2,-4,9,0.0,0,08:28,D
741,Провольнев Владислав,СПР,38,3,5,8,4,60,5.0,32,15:17,D
742,Расанен Еемели,ЙОК,12,1,1,2,2,13,7.7,7,10:23,D
743,Рафиков Рушан,ЛОК,48,5,9,14,5,94,5.3,16,16:55,D
744,Редлихс Кришьянис,КУН,12,0,1,1,-3,3,0.0,4,14:49,D
745,Робинсон Мэт,ЦСК,52,5,11,16,26,67,7.5,22,20:39,D
746,Родионычев Дмитрий,ТОР,24,2,0,2,-3,17,11.8,4,08:12,D
747,Романов Александр,ЦСК,43,1,4,5,16,32,3.1,12,11:23,D
748,Романов Станислав,ВИТ,33,0,2,2,-7,13,0.0,17,15:21,D
749,Рукавишников Роман,СКА,31,0,3,3,7,33,0.0,7,17:00,D
750,Рундблад Давид,СКА,36,5,9,14,19,56,8.9,8,17:21,D
751,Рыков Егор,СОЧ,47,3,6,9,-4,66,4.5,8,19:24,D
752,Рылов Яков,ММГ,60,2,3,5,8,73,2.7,44,15:56,D
753,Рясенский Евгений,ТРК,36,0,1,1,-10,21,0.0,35,18:27,D
754,Савченко Роман,СИБ,46,2,2,4,-13,67,3.0,20,15:12,D
755,Сведберг Виктор,БАР,29,3,6,9,22,69,4.3,16,21:22,D
756,Семёнов Алексей,СЮЛ,42,0,5,5,-6,39,0.0,24,16:22,D
757,Семёнов Глеб,НХК,18,1,1,2,1,7,14.3,29,05:19,D
758,Семёнов Максим,БАР,48,1,2,3,-5,35,2.9,16,12:44,D
759,Сергеев Андрей,НХК,43,3,11,14,-4,102,2.9,16,22:46,D
760,Сергеев Артём,СЮЛ,57,6,6,12,5,100,6.0,38,20:00,D
761,Сергиенко Юрий,СЮЛ,48,4,3,7,1,81,4.9,34,17:56,D
762,Серсен Михал,СЛВ,62,4,9,13,-25,142,2.8,33,19:39,D
763,Сёмин Владислав,СКА,35,0,0,0,8,34,0.0,16,09:01,D
764,Сизов Антон,СЕВ,18,0,2,2,10,28,0.0,8,15:39,D
765,Сорокин Всеволод,СПР,13,0,1,1,0,8,0.0,2,11:59,D
766,Сотниекс Кристапс,ДРГ,55,3,7,10,-20,78,3.8,28,19:36,D
767,Стасенко Николай,ВИТ,55,1,9,10,-2,51,2.0,36,18:06,D
768,Столлери Карл,ЙОК,54,3,7,10,17,82,3.7,8,15:12,D
769,Сычушкин Владимир,СЕВ,22,0,0,0,-4,7,0.0,12,06:47,D
770,Там Микаэль,КУН,5,0,0,0,0,8,0.0,6,11:49,D
771,Таратунин Тимур,АДМ,27,0,0,0,-6,21,0.0,8,15:15,D
772,Таталин Роман,АДМ,49,0,10,10,-5,40,0.0,22,15:57,D
773,Терещенко Сергей,СЮЛ,36,0,3,3,-1,35,0.0,20,14:21,D
774,Тимашов Николай,НХК,46,0,2,2,-7,55,0.0,37,14:06,D
775,Токранов Василий,СКА,23,2,9,11,7,42,4.8,6,17:04,D
776,Трямкин Никита,АВТ,41,3,8,11,13,100,3.0,31,20:22,D
777,Турбин Павел,АМР,19,0,3,3,-7,16,0.0,4,17:51,D
778,Угольников Александр,АДМ,60,8,9,17,-10,115,7.0,34,20:10,D
779,Фазылзянов Камиль,НХК,1,0,0,0,0,1,0.0,0,01:15,D
780,Фаткуллин Тимур,НХК,3,0,0,0,-1,0,0.0,0,00:51,D
781,Фрэнсон Коди,АВГ,54,5,21,26,13,168,3.0,20,21:14,D
782,Фэйрчайлд Кейд,ДРГ,6,1,0,1,-3,9,11.1,0,11:21,D
783,Хабаров Макар,СЕВ,22,0,1,1,-3,18,0.0,14,08:02,D
784,Хафизуллин Динар,СКА,49,7,14,21,12,70,10.0,37,19:31,D
785,Хенкель Кристиан,ДМН,59,4,10,14,3,49,8.2,36,18:47,D
786,Херсли Патрик,СКА,36,14,19,33,14,124,11.3,6,20:25,D
787,Хиетанен Юусо,ДИН,54,6,13,19,6,127,4.7,14,20:36,D
788,Хлыстов Никита,ТРК,41,0,1,1,-5,43,0.0,14,13:39,D
789,Хольм Филип,ТОР,61,7,19,26,-14,146,4.8,36,21:46,D
790,Хомицкий Вадим,СОЧ,23,2,0,2,6,14,14.3,18,11:08,D
791,Хохлов Илья,СЕВ,47,4,6,10,-8,71,5.6,57,16:43,D
792,Цулыгин Кирилл,СЮЛ,3,0,0,0,0,6,0.0,0,13:40,D
793,Чайковски Михал,ДИН,12,0,2,2,1,22,0.0,32,14:55,D
794,Черепанов Никита,ЛОК,47,2,2,4,5,41,4.9,28,15:32,D
795,Чмыхов Артём,ЦСК,26,1,1,2,1,19,5.3,18,11:43,D
796,Чудинов Максим,АВГ,59,9,10,19,-9,153,5.9,22,20:11,D
797,Шалапов Егор,БАР,5,0,0,0,0,1,0.0,0,04:08,D
798,Шарипзянов Дамир,НХК,61,8,16,24,6,136,5.9,20,18:21,D
799,Шаус Ник,СЛВ,10,1,1,2,-7,14,7.1,6,15:52,D
800,Шварни Иван,СЛВ,54,1,4,5,-18,69,1.4,18,15:45,D
801,Швиденко Дмитрий,АМР,14,1,1,2,-4,17,5.9,6,14:55,D
802,Шинин Александр,ТРК,28,0,2,2,-8,24,0.0,4,15:56,D
803,Шинкевич Илья,ВИТ,37,1,2,3,-12,26,3.8,59,18:29,D
804,Шуленин Дмитрий,ДРГ,48,0,1,1,-9,17,0.0,19,15:59,D
805,Щитов Никита,СОЧ,44,3,4,7,-8,91,3.3,36,19:24,D
806,Юдин Дмитрий,АКБ,32,0,3,3,-1,40,0.0,24,17:53,D
807,Юйэнь Зак,КУН,35,1,1,2,-12,16,6.3,41,10:54,D
808,Яношик Адам,СЛВ,56,1,4,5,-24,68,1.5,32,14:54,D
809,Ярвинен Йоонас,КУН,39,2,5,7,4,53,3.8,30,19:30,D
810,Яруллин Альберт,АКБ,62,5,7,12,18,121,4.1,30,20:20,D
